{
	"format_version": "1.12.0",
	"minecraft:geometry": [
		{
			"description": {
				"identifier": "geometry.unknown",
				"texture_width": 16,
				"texture_height": 16,
				"visible_bounds_width": 1,
				"visible_bounds_height": 2.5,
				"visible_bounds_offset": [0, 0.75, 0]
			},
			"bones": [
				{
					"name": "group2",
					"pivot": [5, 4, -2],
					"cubes": [
						{
							"origin": [2, 3, -5],
							"size": [3, 3, 3],
							"uv": {
								"north": {"uv": [0, 4.125], "uv_size": [1.08333, 0.91667]},
								"east": {"uv": [0, 5.04167], "uv_size": [1.08333, 0.91667]},
								"south": {"uv": [1.08333, 4.125], "uv_size": [1.08333, 0.91667]},
								"west": {"uv": [1.08333, 5.04167], "uv_size": [1.08333, 0.91667]},
								"up": {"uv": [0, 5.95833], "uv_size": [1.08333, 0.91667]},
								"down": {"uv": [2.16667, 5.04167], "uv_size": [1.08333, -0.91667]}
							}
						},
						{
							"origin": [2, 3, -5],
							"size": [3, 3, 3],
							"uv": {
								"north": {"uv": [0, 6.875], "uv_size": [1.16667, 1.04167]},
								"east": {"uv": [0, 7.91667], "uv_size": [1.16667, 1.04167]},
								"south": {"uv": [1.16667, 6.875], "uv_size": [1.16667, 1.04167]},
								"west": {"uv": [1.16667, 7.91667], "uv_size": [1.16667, 1.04167]},
								"up": {"uv": [0, 8.95833], "uv_size": [1.16667, 1.04167]},
								"down": {"uv": [2.33333, 7.91667], "uv_size": [1.16667, -1.04167]}
							}
						}
					]
				},
				{
					"name": "bone4",
					"parent": "group2",
					"pivot": [3.36272, 3.17534, -2.0375],
					"cubes": [
						{
							"origin": [4.99137, 1.225, -2.4],
							"size": [0.95, 1.025, 0.725],
							"uv": {
								"north": {"uv": [0, 9.375], "uv_size": [0.9375, 1]},
								"east": {"uv": [1, 9.375], "uv_size": [0.75, 1]},
								"south": {"uv": [0, 10.375], "uv_size": [0.9375, 1]},
								"west": {"uv": [1, 10.375], "uv_size": [0.75, 1]},
								"up": {"uv": [0, 11.375], "uv_size": [0.9375, 0.75]},
								"down": {"uv": [2, 10.125], "uv_size": [0.9375, -0.75]}
							}
						},
						{
							"origin": [4.94656, 1.77568, -2.4],
							"size": [0.625, 1.675, 0.725],
							"pivot": [5.25906, 2.61318, -2.0375],
							"rotation": [0, 0, -22.5],
							"uv": {
								"north": {"uv": [3.25, 2], "uv_size": [0.625, 1.6875]},
								"east": {"uv": [3.25, 0], "uv_size": [0.75, 1.6875]},
								"south": {"uv": [5.25, 0], "uv_size": [0.625, 1.6875]},
								"west": {"uv": [4.25, 0], "uv_size": [0.75, 1.6875]},
								"up": {"uv": [4.25, 2], "uv_size": [0.625, 0.75]},
								"down": {"uv": [5.25, 2.75], "uv_size": [0.625, -0.75]}
							}
						}
					]
				},
				{
					"name": "bone2",
					"parent": "group2",
					"pivot": [1.97069, 2.99409, -4.93578],
					"cubes": [
						{
							"origin": [1.15819, 2.00068, -5.31337],
							"size": [0.625, 1.225, 0.625],
							"pivot": [1.97069, 1.99409, -4.93578],
							"rotation": [0, 0, 22.5],
							"uv": {
								"north": {"uv": [6.25, 0], "uv_size": [0.625, 1.25]},
								"east": {"uv": [7.25, 0], "uv_size": [0.625, 1.25]},
								"south": {"uv": [6.25, 2], "uv_size": [0.625, 1.25]},
								"west": {"uv": [8.25, 0], "uv_size": [0.625, 1.25]},
								"up": {"uv": [7.25, 2], "uv_size": [0.625, 0.625]},
								"down": {"uv": [8.25, 2.625], "uv_size": [0.625, -0.625]}
							}
						},
						{
							"origin": [1.18319, 1.45, -5.40819],
							"size": [0.85, 0.875, 0.775],
							"uv": {
								"north": {"uv": [9.25, 0], "uv_size": [0.875, 0.875]},
								"east": {"uv": [10.25, 0], "uv_size": [0.75, 0.875]},
								"south": {"uv": [9.25, 1], "uv_size": [0.875, 0.875]},
								"west": {"uv": [10.25, 1], "uv_size": [0.75, 0.875]},
								"up": {"uv": [9.25, 2], "uv_size": [0.875, 0.75]},
								"down": {"uv": [11.25, 0.75], "uv_size": [0.875, -0.75]}
							}
						}
					]
				},
				{
					"name": "bone",
					"parent": "group2",
					"pivot": [4.59569, 3.18218, -4.5875],
					"cubes": [
						{
							"origin": [4.86723, 2.15903, -5.23837],
							"size": [0.725, 1.375, 0.625],
							"pivot": [5.22973, 2.84653, -4.92587],
							"rotation": [0, 0, -22.5],
							"uv": {
								"north": {"uv": [3, 3.875], "uv_size": [0.75, 1.375]},
								"east": {"uv": [3, 5.875], "uv_size": [0.625, 1.375]},
								"south": {"uv": [4, 3.875], "uv_size": [0.75, 1.375]},
								"west": {"uv": [5, 3.875], "uv_size": [0.625, 1.375]},
								"up": {"uv": [4, 5.875], "uv_size": [0.75, 0.625]},
								"down": {"uv": [5, 6.5], "uv_size": [0.75, -0.625]}
							}
						},
						{
							"origin": [4.96723, 1.60835, -5.43319],
							"size": [0.875, 0.8, 0.775],
							"uv": {
								"north": {"uv": [6.375, 3.875], "uv_size": [0.875, 0.8125]},
								"east": {"uv": [6.375, 5.875], "uv_size": [0.75, 0.8125]},
								"south": {"uv": [6.375, 4.875], "uv_size": [0.875, 0.8125]},
								"west": {"uv": [8.375, 3.875], "uv_size": [0.75, 0.8125]},
								"up": {"uv": [7.375, 3.875], "uv_size": [0.875, 0.75]},
								"down": {"uv": [7.375, 5.625], "uv_size": [0.875, -0.75]}
							}
						}
					]
				},
				{
					"name": "bone3",
					"parent": "group2",
					"pivot": [2.025, 3.725, -2.375],
					"cubes": [
						{
							"origin": [1.5, 2, -2.325],
							"size": [0.625, 1.675, 0.725],
							"pivot": [1.6625, 3.2875, -1.7875],
							"rotation": [0, 0, 22.5],
							"uv": {
								"north": {"uv": [9.75, 5.75], "uv_size": [0.625, 1.6875]},
								"east": {"uv": [9.75, 3.75], "uv_size": [0.75, 1.6875]},
								"south": {"uv": [11.75, 3.75], "uv_size": [0.625, 1.6875]},
								"west": {"uv": [10.75, 3.75], "uv_size": [0.75, 1.6875]},
								"up": {"uv": [10.75, 5.75], "uv_size": [0.625, 0.75]},
								"down": {"uv": [11.75, 6.5], "uv_size": [0.625, -0.75]}
							}
						},
						{
							"origin": [0.925, 1.45, -2.325],
							"size": [0.775, 0.8, 0.725],
							"uv": {
								"north": {"uv": [0, 0], "uv_size": [0.75, 0.8125]},
								"east": {"uv": [0, 1], "uv_size": [0.75, 0.8125]},
								"south": {"uv": [1, 0], "uv_size": [0.75, 0.8125]},
								"west": {"uv": [1, 1], "uv_size": [0.75, 0.8125]},
								"up": {"uv": [0, 2], "uv_size": [0.75, 0.75]},
								"down": {"uv": [2, 0.75], "uv_size": [0.75, -0.75]}
							}
						}
					]
				},
				{
					"name": "group",
					"pivot": [3.6625, 6.13494, -3.89788],
					"cubes": [
						{
							"origin": [3.925, 7.79375, -3.89375],
							"size": [0.175, 0.1, 2.525],
							"pivot": [4.0125, 8.65625, -3.4125],
							"rotation": [22.5, 0, 0],
							"uv": {
								"north": {"uv": [1.25, 15.96875], "uv_size": [0.03125, 0.03125]},
								"east": {"uv": [0, 13.96875], "uv_size": [0.625, 0.03125]},
								"south": {"uv": [2, 15.21875], "uv_size": [0.03125, 0.03125]},
								"west": {"uv": [0, 14.21875], "uv_size": [0.625, 0.03125]},
								"up": {"uv": [0, 14.46875], "uv_size": [0.03125, 0.625]},
								"down": {"uv": [0.25, 15.09375], "uv_size": [0.03125, -0.625]}
							}
						},
						{
							"origin": [3.575, 7.79375, -3.89375],
							"size": [0.175, 0.1, 2.025],
							"pivot": [4.0125, 8.65625, -3.4125],
							"rotation": [22.5, 0, 0],
							"uv": {
								"north": {"uv": [4.21875, 15.71875], "uv_size": [0.03125, 0.03125]},
								"east": {"uv": [3.46875, 14.71875], "uv_size": [0.5, 0.03125]},
								"south": {"uv": [4.21875, 15.96875], "uv_size": [0.03125, 0.03125]},
								"west": {"uv": [3.46875, 15.21875], "uv_size": [0.5, 0.03125]},
								"up": {"uv": [2.46875, 15.46875], "uv_size": [0.03125, 0.5]},
								"down": {"uv": [3.46875, 15.96875], "uv_size": [0.03125, -0.5]}
							}
						},
						{
							"origin": [3.225, 7.79375, -3.16875],
							"size": [0.175, 0.1, 0.6],
							"pivot": [4.0125, 8.65625, -3.4125],
							"rotation": [22.5, 0, 0],
							"uv": {
								"north": {"uv": [6.96875, 15.71875], "uv_size": [0.03125, 0.03125]},
								"east": {"uv": [4.96875, 15.71875], "uv_size": [0.15625, 0.03125]},
								"south": {"uv": [4.96875, 15.96875], "uv_size": [0.03125, 0.03125]},