{
	"format_version": "1.8.0",
	"animations": {
		"activate": {
			"loop": "hold_on_last_frame",
			"animation_length": 1.54167,
			"bones": {
				"bone2": {
					"rotation": {
						"0.0": [0, 0, 0],
						"0.25": [0, 45, 0],
						"0.5": [0, 90, 0]
					},
					"position": {
						"0.0": [0, 0, 0],
						"0.25": [0, 1.5, 0],
						"0.5": [0, 3, 0]
					}
				},
				"bone4": {
					"position": {
						"0.0": [0, 0, 0],
						"0.25": [0, 3.75, 0]
					}
				},
				"bone6": {
					"rotation": {
						"0.0": [0, 0, 0],
						"0.25": [0, -45, 0],
						"0.5": [0, -90, 0]
					},
					"position": {
						"0.0": [0, 0, 0],
						"0.25": [0, 2.75, 0],
						"0.5": [0, 5.5, 0]
					}
				},
				"bone11": {
					"position": {
						"0.0": [0, 0, 0],
						"0.5": [9, 0, 0],
						"1.0": [9, -1, 0],
						"1.5417": [9, 0, 0]
					}
				},
				"bone3": {
					"position": {
						"0.0": [0, 0, 0],
						"0.5": [-9.5, 0, 0],
						"1.0": [-9.5, 1, 0],
						"1.5417": [-9.5, 0, 0]
					}
				},
				"bone7": {
					"position": {
						"0.0": [0, 0, 0],
						"0.5": [-6.25, 0, -7],
						"1.0": [-6.25, -1, -7],
						"1.5417": [-6.25, 0, -7]
					}
				},
				"bone8": {
					"position": {
						"0.0": [0, 0, 0],
						"0.5": [4.75, 0, 6.25],
						"1.0": [4.75, 1, 6.25],
						"1.5417": [4.75, 0, 6.25]
					}
				},
				"bone9": {
					"position": {
						"0.0": [0, 0, 0],
						"0.5": [-5.5, 0, 7],
						"1.0": [-5.5, -1, 7],
						"1.5417": [-5.5, 0, 7]
					}
				},
				"bone10": {
					"position": {
						"0.0": [0, 0, 0],
						"0.5": [4.75, 0, -7.25],
						"1.0": [4.75, 1, -7.25],
						"1.5417": [4.75, 0, -7.25]
					}
				}
			}
		},
		"unlock": {
			"loop": true,
			"animation_length": 1.54167,
			"bones": {
				"bone2": {
					"rotation": [0, 90, 0],
					"position": [0, 3, 0]
				},
				"bone4": {
					"position": {
						"0.0": [0, 3.75, 0],
						"0.6667": [0, 4.75, 0],
						"1.5417": [0, 3.75, 0]
					}
				},
				"bone6": {
					"rotation": [0, -90, 0],
					"position": [0, 5.5, 0]
				},
				"bone11": {
					"position": {
						"0.0": [9, 0, 0],
						"0.75": [9, -1, 0],
						"1.5417": [9, 0, 0]
					}
				},
				"bone3": {
					"position": {
						"0.0": [-9.5, 0, 0],
						"0.75": [-9.5, 1, 0],
						"1.5417": [-9.5, 0, 0]
					}
				},
				"bone7": {
					"position": {
						"0.0": [-6.25, 0, -7],
						"0.75": [-6.25, -1, -7],
						"1.5417": [-6.25, 0, -7]
					}
				},
				"bone8": {
					"position": {
						"0.0": [4.75, 0, 6.25],
						"0.75": [4.75, 1, 6.25],
						"1.5417": [4.75, 0, 6.25]
					}
				},
				"bone9": {
					"position": {
						"0.0": [-5.5, 0, 7],
						"0.75": [-5.5, -1, 7],
						"1.5417": [-5.5, 0, 7]
					}
				},
				"bone10": {
					"position": {
						"0.0": [4.75, 0, -7.25],
						"0.75": [4.75, 1, -7.25],
						"1.5417": [4.75, 0, -7.25]
					}
				}
			}
		},
		"idle": {
			"animation_length": 0.72
		}
	}
}