{
	"format_version": "1.8.0",
	"animations": {
		"animation.model.pachulai": {
			"loop": "hold_on_last_frame",
			"animation_length": 2.28,
			"bones": {
				"all": {
					"position": {
						"0.0": {
							"vector": [0, -11.15, 0]
						},
						"1.12": {
							"vector": [0, -4.15, 0]
						},
						"1.36": {
							"vector": [0, -3.375, 0]
						},
						"1.64": {
							"vector": [0, 0, 0]
						},
						"1.8": {
							"vector": [0, 2, 0]
						},
						"1.96": {
							"vector": [0, 3, 0]
						},
						"2.12": {
							"vector": [0, 2, 0]
						},
						"2.28": {
							"vector": [0, 0, 0]
						}
					}
				},
				"shang": {
					"rotation": {
						"0.0": {
							"vector": [76, 0, 0]
						},
						"0.12": {
							"vector": [0, 0, 0]
						},
						"0.24": {
							"vector": [0, 0, 0]
						}
					}
				},
				"rh": {
					"rotation": {
						"0.0": {
							"vector": [0, 0, 0]
						},
						"0.12": {
							"vector": [-145.49731, 21.63471, -28.20867]
						},
						"0.32": {
							"vector": [-145.49731, 21.63471, -28.20867]
						},
						"0.48": {
							"vector": [-171.10467, 39.16139, -76.08033]
						},
						"1.12": {
							"vector": [-215.05839, 20.63639, -153.33233]
						},
						"1.52": {
							"vector": [-43.44463, 35.82086, -10.39044]
						},
						"1.76": {
							"vector": [0, 0, 0]
						}
					},
					"position": {
						"0.0": {
							"vector": [0, 0, 0]
						},
						"0.12": {
							"vector": [0.2, -0.925, 1.175]
						},
						"0.32": {
							"vector": [0.2, -0.925, 1.175]
						},
						"0.48": {
							"vector": [1.975, -0.825, 1.075]
						},
						"0.8": {
							"vector": [2.63, -1.145, 1.11]
						},
						"1.12": {
							"vector": [2.38, -0.325, 1.15]
						},
						"1.36": {
							"vector": [0.39, -1.28, 1.235]
						},
						"1.52": {
							"vector": [0.19, 0.16, 0.62]
						},
						"1.76": {
							"vector": [0, 0, 0]
						}
					}
				},
				"lh": {
					"rotation": {
						"0.0": {
							"vector": [0, 0, 0]
						},
						"0.12": {
							"vector": [-143.10757, -22.79919, 27.30492]
						},
						"0.32": {
							"vector": [-143.10757, -22.79919, 27.30492]
						},
						"0.48": {
							"vector": [-166.0323, -40.55859, 69.06675]
						},
						"1.12": {
							"vector": [-208.01817, -33.36759, 134.05274]
						},
						"1.52": {
							"vector": [-39.60557, -37.7545, 3.47495]
						},
						"1.76": {
							"vector": [0, 0, 0]
						}
					}
				},
				"dao": {
					"position": {
						"1.68": {
							"vector": [0, 0, 0]
						},
						"1.76": {
							"vector": [0, -1, 0]
						}
					}
				},
				"dao2": {
					"position": {
						"1.68": {
							"vector": [0, 0, 0]
						},
						"1.76": {
							"vector": [0, -1, 0]
						}
					}
				},
				"bone4": {
					"rotation": {
						"0.0": {
							"vector": [0, 0, 0]
						},
						"0.48": {
							"vector": [0, 0, -31]
						},
						"1.76": {
							"vector": [0, 0, 0]
						}
					}
				},
				"bone2": {
					"rotation": {
						"0.0": {
							"vector": [0, 0, 0]
						},
						"0.48": {
							"vector": [0, 0, 27.5]
						},
						"1.76": {
							"vector": [0, 0, 0]
						}
					}
				}
			}
		},
		"animation.model.attack1": {
			"animation_length": 0.48,
			"bones": {
				"rh": {
					"rotation": {
						"0.0": {
							"vector": [0, 0, 0]
						},
						"0.24": {
							"vector": [-97.5, 0, 0]
						},
						"0.32": {
							"vector": [-52.91457, 4.0968, -19.31519]
						}
					},
					"position": {
						"0.0": {
							"vector": [0, 0, 0]
						},
						"0.32": {
							"vector": [0, 0, 0.45]
						}
					}
				},
				"dao": {
					"position": {
						"vector": [0, -1, 0]
					}
				},
				"lh": {
					"rotation": {
						"0.0": {
							"vector": [0, 0, 0]
						},
						"0.24": {
							"vector": [-97.5, 0, 0]
						},
						"0.32": {
							"vector": [-55.26966, -3.18928, 17.55826]
						}
					}
				},
				"dao2": {
					"position": {
						"vector": [0, -1, 0]
					}
				}
			}
		},
		"animation.model.attack2": {
			"loop": true,
			"animation_length": 1.56,
			"bones": {
				"rh": {
					"rotation": {
						"vector": [-87.5, 0, 0]
					}
				},
				"dao": {
					"position": {
						"0.0": {
							"vector": [0, -1, 0]
						},
						"0.12": {
							"vector": [0, 0, 0]
						},
						"0.24": {
							"vector": [0, -1, 0]
						},
						"0.36": {
							"vector": [0, 0, 0]
						},
						"0.48": {
							"vector": [0, -1, 0]
						},
						"0.6": {
							"vector": [0, 0, 0]
						},
						"0.72": {
							"vector": [0, -1, 0]
						},
						"0.84": {
							"vector": [0, 0, 0]
						},
						"0.96": {
							"vector": [0, -1, 0]
						},
						"1.08": {
							"vector": [0, 0, 0]
						},
						"1.2": {
							"vector": [0, -1, 0]
						},
						"1.32": {
							"vector": [0, 0, 0]
						},
						"1.44": {
							"vector": [0, -1, 0]
						},
						"1.56": {
							"vector": [0, 0, 0]
						}
					}
				},
				"lh": {
					"rotation": {
						"vector": [-85, 0, 0]
					},
					"position": {
						"vector": [0, -0.225, -1]
					}
				},
				"dao2": {
					"position": {
						"0.0": {
							"vector": [0, -1, 0]
						},
						"0.12": {
							"vector": [0, 0, 0]
						},
						"0.24": {
							"vector": [0, -1, 0]
						},
						"0.36": {
							"vector": [0, 0, 0]
						},
						"0.48": {
							"vector": [0, -1, 0]
						},
						"0.6": {
							"vector": [0, 0, 0]
						},
						"0.72": {
							"vector": [0, -1, 0]
						},
						"0.84": {
							"vector": [0, 0, 0]
						},
						"0.96": {
							"vector": [0, -1, 0]
						},
						"1.08": {
							"vector": [0, 0, 0]
						},
						"1.2": {
							"vector": [0, -1, 0]
						},
						"1.32": {
							"vector": [0, 0, 0]
						},
						"1.44": {
							"vector": [0, -1, 0]
						},
						"1.56": {
							"vector": [0, 0, 0]
						}
					}
				},
				"rl": {
					"rotation": {
						"0.0": {
							"vector": [25, 0, 0]
						},
						"0.12": {
							"vector": [-25, 0, 0]
						},
						"0.24": {
							"vector": [25, 0, 0]
						},
						"0.36": {
							"vector": [-25, 0, 0]
						},
						"0.48": {
							"vector": [25, 0, 0]
						},
						"0.6": {
							"vector": [-25, 0, 0]
						},
						"0.72": {
							"vector": [25, 0, 0]
						},
						"0.84": {
							"vector": [-25, 0, 0]
						},
						"0.96": {
							"vector": [25, 0, 0]
						},
						"1.08": {
							"vector": [-25, 0, 0]
						},
						"1.2": {
							"vector": [25, 0, 0]
						},
						"1.32": {
							"vector": [-25, 0, 0]
						},
						"1.44": {
							"vector": [25, 0, 0]
						},
						"1.56": {
							"vector": [-25, 0, 0]
						}
					}
				},
				"ll": {
					"rotation": {
						"0.0": {
							"vector": [-25, 0, 0]
						},
						"0.12": {
							"vector": [25, 0, 0]
						},
						"0.24": {
							"vector": [-25, 0, 0]
						},
						"0.36": {
							"vector": [25, 0, 0]
						},
						"0.48": {
							"vector": [-25, 0, 0]
						},
						"0.6": {
							"vector": [25, 0, 0]
						},
						"0.72": {
							"vector": [-25, 0, 0]
						},
						"0.84": {
							"vector": [25, 0, 0]
						},
						"0.96": {
							"vector": [-25, 0, 0]
						},
						"1.08": {
							"vector": [25, 0, 0]
						},
						"1.2": {
							"vector": [-25, 0, 0]
						},
						"1.32": {
							"vector": [25, 0, 0]
						},
						"1.44": {
							"vector": [-25, 0, 0]
						},
						"1.56": {
							"vector": [25, 0, 0]
						}
					}
				}
			}
		},
		"animation.model.attack3": {
			"animation_length": 3.36,
			"bones": {
				"shang": {
					"rotation": {
						"0.72": {
							"vector": [0, 0, 0]
						},
						"0.96": {
							"vector": [24.25, 0, 0]
						},
						"2.88": {
							"vector": [24.25, 0, 0]
						},
						"3.12": {
							"vector": [0, 0, 0]
						}
					}
				},
				"rh": {
					"rotation": {
						"0.0": {
							"vector": [0, 0, 0]
						},
						"0.24": {
							"vector": [-125, 0, 0]
						},
						"0.64": {
							"vector": [-135, 0, 0]
						},