{
	"format_version": "1.8.0",
	"animations": {
		"animation.model.idle": {
			"loop": true,
			"animation_length": 2.88,
			"bones": {
				"tou": {
					"rotation": {
						"1.52": {
							"vector": [0, 0, 0]
						},
						"1.68": {
							"vector": [0, -180, 0]
						},
						"1.84": {
							"vector": [0, -360, 0]
						}
					}
				},
				"rs": {
					"rotation": {
						"0.0": {
							"vector": [5, 0, 0]
						},
						"1.44": {
							"vector": [0, 0, 0]
						},
						"2.88": {
							"vector": [5, 0, 0]
						}
					}
				},
				"ls": {
					"rotation": {
						"0.0": {
							"vector": [-5, 0, 0]
						},
						"1.44": {
							"vector": [0, 0, 0]
						},
						"2.88": {
							"vector": [-5, 0, 0]
						}
					}
				},
				"tui": {
					"rotation": {
						"0.0": {
							"vector": [0, 40, -22.5]
						},
						"0.72": {
							"vector": [2.09615, 39.95426, -19.23794]
						},
						"1.44": {
							"vector": [0, 40, -22.5]
						},
						"2.16": {
							"vector": [2.09615, 39.95426, -19.23794]
						},
						"2.88": {
							"vector": [0, 40, -22.5]
						}
					}
				},
				"rt": {
					"rotation": {
						"0.0": {
							"vector": [-82.5, 0, 0]
						},
						"1.44": {
							"vector": [-90, 0, 0]
						},
						"2.88": {
							"vector": [-82.5, 0, 0]
						}
					}
				},
				"lt": {
					"rotation": {
						"0.0": {
							"vector": [-85, 0, 0]
						},
						"1.44": {
							"vector": [-90, 0, 0]
						},
						"2.88": {
							"vector": [-85, 0, 0]
						}
					}
				},
				"all": {
					"position": {
						"0.0": {
							"vector": [0, 0, 0]
						},
						"0.72": {
							"vector": [0, 0.5, 0]
						},
						"1.44": {
							"vector": [0, 0, 0]
						},
						"2.16": {
							"vector": [0, 0.5, 0]
						},
						"2.88": {
							"vector": [0, 0, 0]
						}
					}
				},
				"h": {
					"rotation": {
						"0.0": {
							"vector": [0.98448, 7.43547, 50.06397]
						},
						"1.44": {
							"vector": [0.98448, 7.43547, 50.06397]
						},
						"2.88": {
							"vector": [0.98448, 7.43547, 50.06397]
						}
					}
				},
				"tui2": {
					"rotation": {
						"0.0": {
							"vector": [-1.30078, -27.47162, -22.18203]
						},
						"0.72": {
							"vector": [-2.59775, -27.38656, -19.36696]
						},
						"1.44": {
							"vector": [-1.30078, -27.47162, -22.18203]
						},
						"2.16": {
							"vector": [-2.59775, -27.38656, -19.36696]
						},
						"2.88": {
							"vector": [-1.30078, -27.47162, -22.18203]
						}
					}
				},
				"h2": {
					"rotation": {
						"0.0": {
							"vector": [1.74942, -34.96182, 51.94901]
						},
						"1.44": {
							"vector": [1.74942, -34.96182, 51.94901]
						},
						"2.88": {
							"vector": [1.74942, -34.96182, 51.94901]
						}
					}
				},
				"tui3": {
					"rotation": {
						"0.0": {
							"vector": [-180, 142.5, -157.5]
						},
						"0.72": {
							"vector": [-178.08301, 142.54183, -160.65]
						},
						"1.44": {
							"vector": [-180, 142.5, -157.5]
						},
						"2.16": {
							"vector": [-178.08301, 142.54183, -160.65]
						},
						"2.88": {
							"vector": [-180, 142.5, -157.5]
						}
					}
				},
				"h3": {
					"rotation": {
						"0.0": {
							"vector": [-13.88296, 16.60398, 37.79255]
						},
						"1.44": {
							"vector": [-13.88296, 16.60398, 37.79255]
						},
						"2.88": {
							"vector": [-13.88296, 16.60398, 37.79255]
						}
					}
				},
				"tui4": {
					"rotation": {
						"0.0": {
							"vector": [-1980, -130, -1960]
						},
						"0.72": {
							"vector": [-1982.97576, -130.06495, -1963.88581]
						},
						"1.44": {
							"vector": [-1980, -130, -1960]
						},
						"2.16": {
							"vector": [-1982.97576, -130.06495, -1963.88581]
						},
						"2.88": {
							"vector": [-1980, -130, -1960]
						}
					}
				},
				"h4": {
					"rotation": {
						"0.0": {
							"vector": [0, 0, 35]
						},
						"1.44": {
							"vector": [0, 0, 35]
						},
						"2.88": {
							"vector": [0, 0, 35]
						}
					}
				}
			}
		},
		"animation.model.move": {
			"loop": true,
			"animation_length": 0.4,
			"bones": {
				"tou": {
					"rotation": {
						"0.0": {
							"vector": [0, 0, 0]
						},
						"0.08": {
							"vector": [0, 0, -5]
						},
						"0.16": {
							"vector": [0, 0, 5]
						},
						"0.24": {
							"vector": [0, 0, -5]
						},
						"0.32": {
							"vector": [0, 0, 5]
						}
					}
				},
				"rs": {
					"rotation": {
						"0.0": {
							"vector": [5, 0, 0]
						},
						"0.16": {
							"vector": [20, 0, 0]
						},
						"0.32": {
							"vector": [5, 0, 0]
						}
					}
				},
				"ls": {
					"rotation": {
						"0.0": {
							"vector": [-5, 0, 0]
						},
						"0.16": {
							"vector": [-20, 0, 0]
						},
						"0.32": {
							"vector": [-5, 0, 0]
						}
					}
				},
				"tui": {
					"rotation": {
						"vector": [0, 40, -22.5]
					}
				},
				"rt": {
					"rotation": {
						"0.0": {
							"vector": [-82.5, 0, 0]
						},
						"0.16": {
							"vector": [-107.5, 0, 0]
						},
						"0.32": {
							"vector": [-82.5, 0, 0]
						}
					}
				},
				"lt": {
					"rotation": {
						"0.0": {
							"vector": [-85, 0, 0]
						},
						"0.16": {
							"vector": [-70, 0, 0]
						},
						"0.32": {
							"vector": [-85, 0, 0]
						}
					}
				},
				"all": {
					"position": {
						"vector": [0, 0, 0]
					}
				},
				"h": {
					"rotation": {
						"vector": [0.98448, 7.43547, 50.06397]
					}
				},
				"tui2": {
					"rotation": {
						"0.04": {
							"vector": [-1.30078, -27.47162, -22.18203]
						},
						"0.12": {
							"vector": [-11.68602, -9.39323, -37.07709]
						},
						"0.2": {
							"vector": [-13.21785, 10.25532, -18.5589]
						},
						"0.28": {
							"vector": [-1.30078, -27.47162, -22.18203]
						}
					}
				},
				"h2": {
					"rotation": {
						"vector": [1.74942, -34.96182, 51.94901]
					}
				},
				"tui3": {
					"rotation": {
						"0.12": {
							"vector": [-180, 142.5, -157.5]
						},
						"0.2": {
							"vector": [-191.12133, 161.6302, -139.91099]
						},
						"0.28": {
							"vector": [-166.52954, 176.80533, -162.48388]
						},
						"0.36": {
							"vector": [-180, 142.5, -157.5]
						}
					}
				},
				"h3": {
					"rotation": {
						"vector": [-13.88296, 16.60398, 37.79255]
					}
				},
				"tui4": {
					"rotation": {
						"0.0": {
							"vector": [-1980, -130, -1960]
						},
						"0.08": {
							"vector": [-1962.8577, -132.27352, -1937.37094]
						},
						"0.16": {
							"vector": [-1960.34629, -111.3727, -1941.57493]
						},
						"0.24": {
							"vector": [-1980, -130, -1960]
						}
					}
				},
				"h4": {
					"rotation": {
						"vector": [0, 0, 35]
					}
				},
				"bone": {
					"rotation": {
						"0.16": {
							"vector": [0, 0, 0]
						},
						"0.24": {
							"vector": [0, 0, -10]
						},
						"0.32": {
							"vector": [0, 35, -10]
						},
						"0.4": {
							"vector": [0, 0, 0]
						}
					}
				}
			}
		},
		"animation.model.attack1": {
			"loop": "hold_on_last_frame",
			"animation_length": 1.08,
			"bones": {
				"tou": {
					"rotation": {
						"0.0": {
							"vector": [0, 0, 0]
						},
						"0.48": {
							"vector": [-35, 0, 0]
						}
					},
					"scale": {
						"0.0": {
							"vector": [1, 1, 1]
						},
						"0.88": {
							"vector": [1, 1, 1]
						},
						"0.96": {
							"vector": [2.9, 3.1, 1.1]
						}
					}
				},
				"rs": {
					"rotation": {
						"vector": [5, 0, 0]
					}
				},
				"ls": {
					"rotation": {
						"vector": [-5, 0, 0]
					}
				},
				"tui": {
					"rotation": {
						"vector": [0, 40, -22.5]
					}
				},
				"rt": {
					"rotation": {
						"vector": [-82.5, 0, 0]
					}
				},
				"lt": {
					"rotation": {
						"vector": [-85, 0, 0]
					}
				},
				"all": {
					"position": {
						"0.0": {
							"vector": [0, 0, 0]
						},
						"0.48": {
							"vector": [0, 5, 0]
						}
					}
				},