{
	"format_version": "1.8.0",
	"animations": {
		"animation.unknown.miao_yin_idle": {
			"loop": true,
			"animation_length": 1.68,
			"bones": {
				"1": {
					"position": {
						"0.0": {
							"vector": [0, -9, 1]
						},
						"1.68": {
							"vector": [0, -9, 1]
						}
					}
				},
				"RightArm": {
					"rotation": {
						"0.0": {
							"vector": [-63.85099, -13.93695, 66.55192]
						},
						"0.84": {
							"vector": [-66.35099, -13.93695, 66.55192]
						},
						"1.68": {
							"vector": [-63.85099, -13.93695, 66.55192]
						}
					},
					"position": {
						"vector": [0.55, -1.725, 0]
					}
				},
				"bone4": {
					"rotation": {
						"0.0": {
							"vector": [-35.90676, -12.5272, -16.6764]
						},
						"0.84": {
							"vector": [-44.40676, -12.5272, -16.6764]
						},
						"1.68": {
							"vector": [-35.90676, -12.5272, -16.6764]
						}
					}
				},
				"LeftArm": {
					"rotation": {
						"vector": [-75.81832, 0.60858, -53.35273]
					},
					"position": {
						"vector": [0, -3, 0]
					}
				},
				"bone3": {
					"rotation": {
						"vector": [-55, 0, 0]
					}
				},
				"head": {
					"rotation": {
						"vector": [-5, 10.25, 0]
					}
				},
				"RightLeg": {
					"rotation": {
						"vector": [-69.58969, 11.26652, 4.15801]
					}
				},
				"bone2": {
					"rotation": {
						"0.0": {
							"vector": [51.25, 0, 0]
						},
						"0.76": {
							"vector": [18.75, 0, 0]
						},
						"1.68": {
							"vector": [51.25, 0, 0]
						}
					}
				},
				"LeftLeg": {
					"rotation": {
						"vector": [-69.16314, -15.94649, -5.9695]
					}
				},
				"bone": {
					"rotation": {
						"0.0": {
							"vector": [34, 0, 0]
						},
						"0.72": {
							"vector": [76.5, 0, 0]
						},
						"1.68": {
							"vector": [34, 0, 0]
						}
					}
				},
				"shangbanshen": {
					"rotation": {
						"vector": [
							15.7533,
							-21.43979,
							-5.01807
						]
					}
				}
			}
		},
		"animation.unknown.miao_yin_guodu": {
			"loop": "hold_on_last_frame",
			"animation_length": 1.2,
			"bones": {
				"1": {
					"position": {
						"0.0": [0, -1.675, 3.675],
						"0.32": [0, -1.675, 3.675],
						"0.96": [0, 0, 0]
					}
				},
				"RightArm": {
					"rotation": {
						"0.0": [-63.85099, -13.93695, 66.55192],
						"0.32": [-63.85099, -13.93695, 66.55192],
						"0.96": [0, 0, 0]
					},
					"position": {
						"0.0": [0.55, -1.725, 0],
						"0.32": [0.55, -1.725, 0],
						"0.96": [0, 0, 0]
					}
				},
				"bone4": {
					"rotation": {
						"0.0": [-35.90676, -12.5272, -16.6764],
						"0.32": [-35.90676, -12.5272, -16.6764],
						"0.96": [0, 0, 0]
					}
				},
				"LeftArm": {
					"rotation": {
						"0.0": [-75.81832, 0.60858, -53.35273],
						"0.32": [-75.81832, 0.60858, -53.35273],
						"0.96": [-34.0296, 0, 0]
					}
				},
				"bone3": {
					"rotation": {
						"0.0": [-55, 0, 0],
						"0.32": [-15, 0, 0],
						"0.96": [-60.06097, -13.73356, -7.7858]
					}
				},
				"head": {
					"rotation": {
						"0.0": [-5, 10.25, 0],
						"0.48": [0, 0, 0]
					}
				},
				"RightLeg": {
					"rotation": {
						"0.0": [-69.58969, 11.26652, 4.15801],
						"0.48": [0, 0, 0]
					}
				},
				"bone2": {
					"rotation": {
						"0.0": [51.25, 0, 0],
						"0.48": [0, 0, 0]
					}
				},
				"LeftLeg": {
					"rotation": {
						"0.0": [-69.16314, -15.94649, -5.9695],
						"0.48": [0, 0, 0]
					}
				},
				"bone": {
					"rotation": {
						"0.0": [56.5, 0, 0],
						"0.48": [0, 0, 0]
					}
				},
				"shangbanshen": {
					"rotation": {
						"0.0": [15.7533, -21.43979, -5.01807],
						"0.48": [0, 0, 0]
					}
				}
			}
		},
		"animation.unknown.miao_yin_idle2": {
			"loop": true,
			"animation_length": 1.44,
			"bones": {
				"1": {
					"position": [0, 0, 0]
				},
				"RightArm": {
					"rotation": [0, 0, 0],
					"position": [0, 0, 0]
				},
				"bone4": {
					"rotation": [0, 0, 0]
				},
				"LeftArm": {
					"rotation": [-34.0296, 0, 0]
				},
				"bone3": {
					"rotation": [-60.06097, -13.73356, -7.7858]
				},
				"shangbanshen": {
					"position": {
						"0.0": [0, 0, 0],
						"0.72": [0, 0.2, 0],
						"1.44": [0, 0, 0]
					}
				}
			}
		},
		"animation.model.idle": {
			"animation_length": 0.5,
			"bones": {
				"all": {
					"rotation": {
						"0.0": [0, 0, 0],
						"0.5": [0, 0, 0]
					},
					"position": {
						"0.0": [0, 0, 0],
						"0.5": [0, 0, 0]
					},
					"scale": {
						"0.0": [1, 1, 1],
						"0.5": [1, 1, 1]
					}
				}
			}
		},
		"animation.model.move": {
			"animation_length": 1,
			"bones": {
				"all": {
					"rotation": [0, 0, 0],
					"position": [0, 0, 0]
				},
				"LeftLeg": {
					"rotation": {
						"0.0": [0, 0, 0],
						"0.25": [10, 0, 0],
						"0.5": [0, 0, 0],
						"0.75": [-18, 0, 0],
						"1.0": [0, 0, 0]
					}
				},
				"RightLeg": {
					"rotation": {
						"0.0": [0, 0, 0],
						"0.25": [-19, 0, 0],
						"0.5": [0, 0, 0],
						"0.75": [10, 0, 0],
						"1.0": [0, 0, 0]
					}
				},
				"LeftArm": {
					"rotation": {
						"0.0": [0, 0, 0],
						"0.25": [-15, 0, 0],
						"0.5": [0, 0, 0],
						"0.75": [15, 0, 0],
						"1.0": [0, 0, 0]
					}
				},
				"RightArm": {
					"rotation": {
						"0.0": [0, 0, 0],
						"0.25": [15, 0, 0],
						"0.5": [0, 0, 0],
						"0.75": [-15, 0, 0],
						"1.0": [0, 0, 0]
					}
				},
				"Body": {
					"position": {
						"0.0": [0, 0, 0],
						"0.25": [0.1, 0, 0],
						"0.5": [0, 0, 0],
						"0.75": [-0.1, 0, 0],
						"1.0": [0, 0, 0]
					}
				},
				"bone4": {
					"rotation": {
						"0.0": [0, 0, 0],
						"0.25": [1, 0, 0],
						"0.5": [0, 0, 0],
						"0.75": [-18, 0, 0],
						"1.0": [0, 0, 0]
					},
					"position": {
						"0.0": [0, 0, 0],
						"0.25": [0, 0, 0],
						"0.5": [0, 0, 0],
						"0.75": [0, 1.1, -5.8],
						"1.0": [0, 0, 0]
					}
				},
				"bone3": {
					"rotation": {
						"0.0": [0, 0, 0],
						"0.25": [-14, 0, 0],
						"0.5": [0, 0, 0],
						"1.0": [0, 0, 0]
					},
					"position": {
						"0.0": [0, 0, 0],
						"0.25": [0, 0.3, -4.3],
						"0.5": [0, 0, 0],
						"1.0": [0, 0, 0]
					}
				},
				"bone2": {
					"rotation": {
						"0.0": [0, 0, 0],
						"0.25": [12, 0, 0],
						"0.5": [0, 0, 0],
						"0.75": [11, 0, 0],
						"1.0": [0, 0, 0]
					},
					"position": {
						"0.0": [0, 0, 0],
						"0.25": [0, 0.3, 1.1],
						"0.5": [0, 0, 0],
						"0.75": [0, 0, 1.3],
						"1.0": [0, 0, 0]
					}
				},
				"bone": {
					"rotation": {
						"0.0": [0, 0, 0],
						"0.25": [15, 0, 0],
						"0.5": [0, 0, 0],
						"0.75": [18, 0, 0],
						"1.0": [0, 0, 0]
					},
					"position": {
						"0.0": [0, 0, 0],
						"0.25": [0, 0, 1.6],
						"0.5": [0, 0, 0],
						"0.75": [0, 0.4, 1.7],
						"1.0": [0, 0, 0]
					}
				}
			}
		},
		"walk2": {
			"animation_length": 1,
			"bones": {
				"all": {
					"rotation": [0, 0, 0],
					"position": [0, 0, 0]
				},
				"LeftLeg": {
					"rotation": {
						"0.0": [0, 0, 0],
						"0.1667": [10, 0, 0],
						"0.25": [0, 0, 0],
						"0.4167": [-18, 0, 0],
						"0.5": [0, 0, 0],
						"0.6667": [10, 0, 0],
						"0.75": [0, 0, 0],
						"0.9167": [0, 0, 0]
					}
				},
				"RightLeg": {
					"rotation": {
						"0.0": [0, 0, 0],
						"0.1667": [-19, 0, 0],
						"0.25": [0, 0, 0],
						"0.4167": [10, 0, 0],
						"0.5": [0, 0, 0],
						"0.6667": [-19, 0, 0],
						"0.75": [0, 0, 0],
						"0.9167": [0, 0, 0]
					}
				},
				"LeftArm": {
					"rotation": {
						"0.0": [0, 0, 0],
						"0.1667": [-15, 0, 0],
						"0.25": [0, 0, 0],
						"0.4167": [15, 0, 0],
						"0.5": [0, 0, 0],
						"0.6667": [-15, 0, 0],
						"0.75": [0, 0, 0],
						"0.9167": [0, 0, 0]
					}
				},
				"RightArm": {
					"rotation": {
						"0.0": [0, 0, 0],
						"0.1667": [15, 0, 0],
						"0.25": [0, 0, 0],
						"0.4167": [-15, 0, 0],
						"0.5": [0, 0, 0],
						"0.6667": [15, 0, 0],
						"0.75": [0, 0, 0],
						"0.9167": [0, 0, 0]
					}
				},