{
	"format_version": "1.8.0",
	"animations": {
		"animation.unknown.idle": {
			"loop": true,
			"animation_length": 1.68,
			"bones": {
				"1": {
					"position": {
						"vector": [0, -1.675, 3.675]
					}
				},
				"RightArm": {
					"rotation": {
						"0.0": {
							"vector": [-63.85099, -13.93695, 66.55192]
						},
						"0.84": {
							"vector": [-66.35099, -13.93695, 66.55192]
						},
						"1.68": {
							"vector": [-63.85099, -13.93695, 66.55192]
						}
					},
					"position": {
						"vector": [0.55, -1.725, 0]
					}
				},
				"bone4": {
					"rotation": {
						"0.0": {
							"vector": [-35.90676, -12.5272, -16.6764]
						},
						"0.84": {
							"vector": [-44.40676, -12.5272, -16.6764]
						},
						"1.68": {
							"vector": [-35.90676, -12.5272, -16.6764]
						}
					}
				},
				"LeftArm": {
					"rotation": {
						"vector": [-75.81832, 0.60858, -53.35273]
					}
				},
				"bone3": {
					"rotation": {
						"vector": [-55, 0, 0]
					}
				},
				"Head": {
					"rotation": {
						"vector": [-5, 10.25, 0]
					}
				},
				"RightLeg": {
					"rotation": {
						"vector": [-69.58969, 11.26652, 4.15801]
					}
				},
				"bone2": {
					"rotation": {
						"vector": [51.25, 0, 0]
					}
				},
				"LeftLeg": {
					"rotation": {
						"vector": [-69.16314, -15.94649, -5.9695]
					}
				},
				"bone": {
					"rotation": {
						"vector": [56.5, 0, 0]
					}
				},
				"shangbanshen": {
					"rotation": {
						"vector": [15.7533, -21.43979, -5.01807]
					}
				}
			}
		},
		"animation.unknown.guodu": {
			"loop": "hold_on_last_frame",
			"animation_length": 1.2,
			"bones": {
				"1": {
					"position": {
						"0.0": {
							"vector": [0, -1.675, 3.675]
						},
						"0.32": {
							"vector": [0, -1.675, 3.675]
						},
						"0.96": {
							"vector": [0, 0, 0]
						}
					}
				},
				"RightArm": {
					"rotation": {
						"0.0": {
							"vector": [-63.85099, -13.93695, 66.55192]
						},
						"0.32": {
							"vector": [-63.85099, -13.93695, 66.55192]
						},
						"0.96": {
							"vector": [0, 0, 0]
						}
					},
					"position": {
						"0.0": {
							"vector": [0.55, -1.725, 0]
						},
						"0.32": {
							"vector": [0.55, -1.725, 0]
						},
						"0.96": {
							"vector": [0, 0, 0]
						}
					}
				},
				"bone4": {
					"rotation": {
						"0.0": {
							"vector": [-35.90676, -12.5272, -16.6764]
						},
						"0.32": {
							"vector": [-35.90676, -12.5272, -16.6764]
						},
						"0.96": {
							"vector": [0, 0, 0]
						}
					}
				},
				"LeftArm": {
					"rotation": {
						"0.0": {
							"vector": [-75.81832, 0.60858, -53.35273]
						},
						"0.32": {
							"vector": [-75.81832, 0.60858, -53.35273]
						},
						"0.96": {
							"vector": [-34.0296, 0, 0]
						}
					}
				},
				"bone3": {
					"rotation": {
						"0.0": {
							"vector": [-55, 0, 0]
						},
						"0.32": {
							"vector": [-15, 0, 0]
						},
						"0.96": {
							"vector": [-60.06097, -13.73356, -7.7858]
						}
					}
				},
				"Head": {
					"rotation": {
						"0.0": {
							"vector": [-5, 10.25, 0]
						},
						"0.48": {
							"vector": [0, 0, 0]
						}
					}
				},
				"RightLeg": {
					"rotation": {
						"0.0": {
							"vector": [-69.58969, 11.26652, 4.15801]
						},
						"0.48": {
							"vector": [0, 0, 0]
						}
					}
				},
				"bone2": {
					"rotation": {
						"0.0": {
							"vector": [51.25, 0, 0]
						},
						"0.48": {
							"vector": [0, 0, 0]
						}
					}
				},
				"LeftLeg": {
					"rotation": {
						"0.0": {
							"vector": [-69.16314, -15.94649, -5.9695]
						},
						"0.48": {
							"vector": [0, 0, 0]
						}
					}
				},
				"bone": {
					"rotation": {
						"0.0": {
							"vector": [56.5, 0, 0]
						},
						"0.48": {
							"vector": [0, 0, 0]
						}
					}
				},
				"shangbanshen": {
					"rotation": {
						"0.0": {
							"vector": [15.7533, -21.43979, -5.01807]
						},
						"0.48": {
							"vector": [0, 0, 0]
						}
					}
				}
			}
		},
		"animation.unknown.idle2": {
			"loop": true,
			"animation_length": 1.44,
			"bones": {
				"1": {
					"position": {
						"vector": [0, 0, 0]
					}
				},
				"RightArm": {
					"rotation": {
						"vector": [0, 0, 0]
					},
					"position": {
						"vector": [0, 0, 0]
					}
				},
				"bone4": {
					"rotation": {
						"vector": [0, 0, 0]
					}
				},
				"LeftArm": {
					"rotation": {
						"vector": [-34.0296, 0, 0]
					}
				},
				"bone3": {
					"rotation": {
						"vector": [-60.06097, -13.73356, -7.7858]
					}
				},
				"shangbanshen": {
					"position": {
						"0.0": {
							"vector": [0, 0, 0]
						},
						"0.72": {
							"vector": [0, 0.1, 0]
						},
						"1.44": {
							"vector": [0, 0, 0]
						}
					}
				}
			}
		}
	},
	"geckolib_format_version": 2
}