{
	"format_version": "1.8.0",
	"animations": {
		"animation.model.attack2": {
			"animation_length": 1.32,
			"bones": {
				"shangbanshen": {
					"rotation": {
						"0.0": {
							"vector": [0, 0, 0]
						},
						"0.24": {
							"vector": [-2.27585, 28.65543, -5.50523]
						},
						"0.72": {
							"vector": [-12.27585, 28.65543, -5.50523]
						},
						"0.92": {
							"vector": [22.58606, -16.58655, -8.86025]
						},
						"0.96": {
							"vector": [29.61824, -13.63845, -9.82781]
						}
					}
				},
				"rightarm": {
					"rotation": {
						"0.0": {
							"vector": [0, 0, 0]
						},
						"0.24": {
							"vector": [36.60406, -18.17696, 20.99692]
						},
						"0.72": {
							"vector": [36.60406, -18.17696, 20.99692]
						},
						"0.96": {
							"vector": [-72.12366, -26.42631, 41.4306]
						}
					}
				},
				"bone2": {
					"rotation": {
						"0.0": {
							"vector": [0, 0, 0]
						},
						"0.24": {
							"vector": [99.41949, 70.08382, 100.71789]
						},
						"0.72": {
							"vector": [99.41949, 70.08382, 100.71789]
						},
						"0.92": {
							"vector": [312.76917, 76.61181, 296.19927]
						},
						"0.96": {
							"vector": [333.95109, 68.75882, 327.26226]
						}
					}
				},
				"fazhang": {
					"rotation": {
						"0.0": {
							"vector": [0, 0, 0]
						},
						"0.24": {
							"vector": [0, 0, -127.5]
						},
						"0.36": {
							"vector": [0, 0, -110]
						},
						"0.48": {
							"vector": [0, 0, -127.5]
						},
						"0.6": {
							"vector": [0, 0, -110]
						},
						"0.72": {
							"vector": [0, 0, -127.5]
						},
						"0.96": {
							"vector": [-40.21388, 21.63018, -148.4122]
						}
					}
				},
				"texiao": {
					"scale": {
						"0.0": {
							"vector": [0, 1, 1]
						},
						"1.24": {
							"vector": [0, 1, 1]
						},
						"1.28": {
							"vector": [1, 1, 1]
						}
					}
				},
				"texiao2": {
					"scale": {
						"0.0": {
							"vector": [0, 1, 1]
						},
						"1.08": {
							"vector": [0, 1, 1]
						},
						"1.12": {
							"vector": [0.9, 0.9, 0.9]
						}
					}
				},
				"texiao3": {
					"scale": {
						"0.0": {
							"vector": [0, 1, 1]
						},
						"0.92": {
							"vector": [0, 1, 1]
						},
						"0.96": {
							"vector": [0.8, 0.8, 0.8]
						}
					}
				}
			}
		},
		"animation.model.idle": {
			"loop": true,
			"animation_length": 1.68,
			"bones": {
				"shangbanshen": {
					"position": {
						"0.0": {
							"vector": [0, -0.2, 0]
						},
						"0.84": {
							"vector": [0, 0, 0]
						},
						"1.68": {
							"vector": [0, -0.2, 0]
						}
					}
				},
				"texiao": {
					"scale": {
						"vector": [0, 1, 1]
					}
				},
				"texiao2": {
					"scale": {
						"vector": [0, 1, 1]
					}
				},
				"texiao3": {
					"scale": {
						"vector": [0, 1, 1]
					}
				}
			}
		}
	}
}